领域,问题,答案
股票,股票开户需要哪些材料,本人有效身份证件和银行卡，可通过券商官方APP在线开户并完成银证三方存管绑定。
股票,什么是市盈率,市盈率是股票价格除以每股收益的比率，用于衡量股票的估值水平。
股票,什么是市净率,市净率是股票价格除以每股净资产的比率，常用于评估资产较重公司的估值。
股票,A股交易时间是怎样的,A股交易时间为工作日上午9:30至11:30、下午13:00至15:00，另有集合竞价阶段。
股票,A股实行什么交收制度,A股实行T+1交收制度，当天买入的股票通常需要下一个交易日才能卖出。
股票,什么是K线图,K线图由开盘价、收盘价、最高价和最低价构成，用于描述股票价格走势。
股票,什么是股息率,股息率是每股现金分红除以股价，反映投资者通过分红获得的现金回报水平。
股票,什么是集合竞价,集合竞价是在开盘前和收盘前集中撮合委托，形成开盘价或收盘价。
股票,股票投资有哪些风险,股票投资面临市场、行业、公司经营和流动性等风险，应结合自身风险承受能力配置。
股票,什么是普通股,普通股是股东享有收益分配权、参与重大决策权等权利的基本股份类型。
股票,什么是优先股,优先股通常在利润分配和剩余财产分配上具有优先权，但表决权可能受限。
股票,什么是每股收益,每股收益是公司归属于普通股股东的净利润与总股本之比。
股票,什么是成交量,成交量反映一定时间内股票成交的数量，是衡量市场活跃度的重要指标。
股票,股票分红除权是什么意思,除权是股价因分红送股而调整，使投资者权益在除权前后保持连续。
股票,如何控制股票投资风险,可通过分散配置、评估公司基本面、避免杠杆和短期资金投资来控制风险。
股票,什么是涨跌幅限制,涨跌幅限制是交易所为控制异常波动设定的价格波动幅度上限。
股票,股票开户需要费用吗,多数券商股票开户免费，交易时按约定收取佣金等费用。
股票,什么是融资融券,融资融券是投资者向券商借入资金买入或借入证券卖出的信用交易方式。
股票,什么是大宗交易,大宗交易是达到规定数量或金额的证券交易，通过专门通道成交。
股票,如何查看上市公司公告,可通过交易所官网、券商APP和指定信息披露平台查看上市公司公告。
基金,什么是基金定投,基金定投是在固定时间以固定金额投资指定基金，通过分批买入降低单次择时风险。
基金,公募基金和私募基金有什么区别,公募基金公开募集且门槛较低，私募基金面向合格投资者且投资策略更灵活。
基金,什么是基金净值,基金净值是基金资产扣除负债后的净资产除以基金总份额。
基金,股票型基金有什么特点,股票型基金主要投资股票，风险和预期收益通常较高。
基金,债券型基金有什么特点,债券型基金主要投资债券，波动通常小于股票型基金。
基金,货币市场基金有什么特点,货币市场基金主要投资短期货币工具，流动性较强、波动较低。
基金,什么是指数型基金,指数型基金跟踪特定指数，投资目标是复制指数表现。
基金,什么是ETF,ETF是在交易所上市交易的指数基金，可像股票一样买卖。
基金,什么是LOF,LOF既可在交易所场内交易，也可在场外进行申购和赎回。
基金,基金申购和赎回有什么区别,申购是买入基金份额，赎回是卖出基金份额并将资产变现。
基金,基金有哪些常见费用,基金常见费用包括申购费、赎回费、管理费和托管费。
基金,基金定投保证盈利吗,基金定投不保证盈利，它主要通过分批买入摊平成本、降低择时风险。
基金,什么是混合型基金,混合型基金同时配置股票和债券等资产，风险收益介于两者之间。
基金,基金分红是什么意思,基金分红是将基金收益的一部分以现金或再投资方式分配给持有人。
基金,什么是基金托管人,基金托管人是依法保管基金资产、监督基金管理运作的金融机构。
基金,如何选择基金,可结合投资目标、风险承受能力、基金业绩、费率和基金经理等因素选择基金。
基金,基金赎回需要多久到账,不同类型基金赎回到账时间不同，货币基金通常较快，权益类基金可能需要数个工作日。
基金,什么是业绩比较基准,业绩比较基准是衡量基金投资表现的参考标准，通常由相关指数或利率组合构成。
基金,基金投资有风险吗,基金投资有市场风险，除货币基金外多数基金不保本，净值会随市场波动。
基金,什么是前端收费,前端收费是在申购基金时收取申购费，赎回时不再按该方式重复收取。
债券,央行降息对债券市场有什么影响,降息会降低市场利率预期，存量债券吸引力提升，通常对债券价格形成支撑。
债券,什么是国债,国债是中央政府为筹集财政资金而发行并承诺还本付息的债券。
债券,什么是地方政府债券,地方政府债券由省级或经批准的地方政府发行，用于筹集公共建设资金。
债券,什么是金融债券,金融债券由银行、证券公司等金融机构发行。
债券,什么是公司债,公司债是由公司发行的债券，信用风险取决于发行人资质。
债券,什么是可转换债券,可转换债券在特定条件下可以转换为发行公司股票。
债券,什么是债券面值,债券面值是债券票面标明的金额，是还本付息的重要依据。
债券,什么是票面利率,票面利率是债券发行人按面值支付利息的利率。
债券,什么是到期收益率,到期收益率反映投资者持有债券至到期可获得的年化回报。
债券,债券价格和利率为什么负相关,市场利率上升时，已发行债券固定票息吸引力下降，价格通常走低。
债券,债券投资有哪些风险,债券投资主要面临利率风险、信用风险和流动性风险。
债券,什么是信用评级,信用评级是对发行人偿还债务能力的评估，等级越高通常代表违约风险越低。
债券,什么是国债逆回购,国债逆回购是投资者将资金借出、以国债作为质押的短期资金交易。
债券,什么是久期,久期衡量债券价格对利率变化的敏感程度，久期越长，价格波动通常越大。
债券,央行加息对债券有什么影响,央行加息可能推升市场利率预期，对债券价格形成压力。
债券,什么是债券发行利率,债券发行利率是债券发行时确定的票面利率，用于计算各期利息。
债券,什么是企业债,企业债通常由非上市公司等企业发行，受到相应债券管理制度约束。
债券,债券可以提前赎回吗,部分债券合同约定了提前赎回条款，是否可提前赎回以募集说明书为准。
债券,如何降低债券信用风险,可关注发行人评级、分散持仓，并避免过度集中于低评级债券。
债券,什么是债券市场,债券市场是债券发行和交易的场所，包括一级发行市场和二级流通市场。
银行,什么是LPR,LPR是贷款市场报价利率，是由报价行报价并授权发布的贷款参考利率。
银行,存款保险最高偿付限额是多少,我国存款保险对同一存款人在同一投保机构最高偿付限额为人民币50万元。
银行,什么是活期存款,活期存款可随时存取，流动性高，但利率通常低于定期存款。
银行,什么是定期存款,定期存款约定期限，一般期限越长利率越高，提前支取可能按活期计息。
银行,什么是大额存单,大额存单是银行面向投资者发行的大额存款凭证，通常有较高起存金额。
银行,信用卡逾期有什么影响,信用卡逾期会产生罚息，并可能影响个人征信记录。
银行,什么是个人征信,个人征信记录信贷、担保、逾期等信息，是评估信用状况的重要依据。
银行,LPR下调对房贷有什么影响,与LPR挂钩的浮动利率房贷，重定价后贷款参考利率可能下降。
银行,银行理财等于存款吗,银行理财不等于存款，净值化产品可能随市场波动，甚至出现本金亏损。
银行,什么是净值型理财产品,净值型理财产品按净值波动反映投资盈亏，不承诺固定收益。
银行,什么是银证三方存管,银证三方存管是投资者、银行和证券公司之间的资金存管安排，保障客户交易结算资金安全。
银行,如何查询个人征信,可通过中国人民银行征信中心官方渠道或授权银行网点查询个人信用报告。
银行,什么是房贷利率重定价,房贷利率重定价是按合同约定周期，根据最新LPR调整贷款利率。
银行,什么是存款准备金,存款准备金是银行按央行规定缴存的资金，用于保障支付和调节流动性。
银行,银行卡挂失怎么办,发现银行卡丢失应立即联系银行客服办理临时挂失或正式挂失。
银行,什么是银行理财风险等级,银行理财风险等级从低到高反映产品风险，投资者应选择与自身承受能力匹配的等级。
银行,什么是提前支取,提前支取是存款到期前取回资金，部分产品可能损失利息或按活期计息。
银行,什么是网上银行,网上银行是银行通过互联网提供的账户查询、转账、支付等金融服务。
银行,如何防范电信诈骗,不向陌生人转账、不透露验证码和密码，通过银行官方渠道核实信息。
银行,银行结算账户有哪些类型,常见银行结算账户包括基本存款账户、一般存款账户、专用存款账户等。
保险,重疾险和医疗险有什么区别,重疾险通常达到给付条件后一次性赔付，医疗险主要对合理医疗费用进行报销。
保险,什么是现金价值,现金价值是长期人身保险单具有储蓄性质的退保金额，退保时可按约定领取。
保险,什么是犹豫期,犹豫期通常允许投保人在签收保单后一定期限内申请解除合同。
保险,什么是等待期,等待期是健康险和寿险中从合同生效到保险责任开始的一段时间。
保险,什么是保额,保额是保险公司承担赔偿或给付的最高金额。
保险,什么是保费,保费是投保人按合同约定向保险公司缴纳的费用。
保险,什么是意外险,意外险针对意外伤害导致的身故、伤残或医疗费用提供保障。
保险,什么是寿险,寿险以被保险人身故或全残为给付条件。
保险,什么是年金险,年金险通过分期领取的方式提供长期稳定现金流。
保险,什么是免责条款,免责条款列明保险公司不承担赔偿责任的情形。
保险,保险理赔需要哪些材料,通常需要理赔申请书、身份证明、事故证明、医疗资料等材料。
保险,什么是健康告知,健康告知是投保人向保险公司如实说明被保险人体况和既往病史。
保险,什么是财产保险,财产保险对投保财产因约定风险造成的损失提供经济补偿。
保险,什么是保险受益人,保险受益人是依法或依合同享有保险金请求权的人。
保险,什么是保险期限,保险期限是保险合同承担保险责任的起止时间。
保险,什么是续保,续保是在原保险合同到期后继续投保，使保障延续。
保险,什么是保险免赔额,免赔额是保险公司不承担赔付、由被保险人自行承担的金额。
保险,如何选择重疾险保额,可结合治疗费用、康复费用和收入损失等因素确定重疾险保额。
保险,什么是保险代理人,保险代理人是根据保险人委托代办保险业务的机构或个人。
保险,保险合同可以解除吗,投保人在犹豫期内可依约解除合同，超过犹豫期退保通常按现金价值处理。
股票,什么是融资融券,融资融券是投资者向证券公司借入资金买入证券或借入证券卖出，属于信用交易并需满足适当性要求。
股票,什么是停牌和复牌,停牌是证券因重大事项或异常波动暂停交易，复牌是相关事项明确或风险解除后恢复交易。
股票,什么是股票质押,股票质押是股东将所持股份质押给金融机构以融入资金，若股价大幅下跌可能触发补仓或平仓。
股票,什么是高送转,高送转是上市公司通过送股或资本公积转增股本扩大总股本，通常不改变股东权益总额。
股票,什么是退市风险警示,退市风险警示是交易所对可能触发退市条件的公司实施风险提示，常见标志包括ST或*ST。
基金,什么是基金分红,基金分红是将基金收益的一部分以现金或红利再投资方式分配给基金份额持有人。
基金,什么是最大回撤,最大回撤是基金在选定区间内净值从最高点到最低点的最大跌幅，用于衡量下行风险。
基金,什么是基金费率,基金费率包括申购费、赎回费、管理费和托管费，会直接影响投资者最终收益。
基金,什么是封闭式基金,封闭式基金在固定存续期内份额规模稳定，投资者主要在二级市场买卖。
基金,什么是货币基金,货币基金主要投资短期货币市场工具，具有流动性较强、波动较小的特点。
债券,什么是可转换债券,可转换债券在约定条件下可转换为发行公司股票，兼具债券和股票属性。
债券,什么是久期,久期衡量债券价格对利率变化的敏感程度，久期越长，利率波动对价格影响通常越大。
债券,什么是信用评级,信用评级是评级机构对发行人偿债能力和意愿的评估，评级越高通常代表违约风险越低。
债券,什么是债券到期收益率,债券到期收益率是投资者持有债券至到期并获得全部现金流的年化回报率。
债券,什么是债券回购,债券回购是以债券为质押进行短期资金融通，常见于银行间和交易所市场。
银行,什么是存款准备金率,存款准备金率是商业银行按规定缴存央行的准备金占存款总额的比例，是重要货币政策工具。
银行,什么是活期存款和定期存款,活期存款可随时存取，利率较低；定期存款约定期限和利率，通常利率更高。
银行,什么是个人住房贷款,个人住房贷款是银行向借款人发放的用于购买住房的贷款，利率常与LPR挂钩。
银行,什么是理财产品,银行理财产品是商业银行面向投资者发行的资产管理产品，收益和风险因产品类型而异。
银行,什么是银行间同业拆借,银行间同业拆借是金融机构之间调剂短期资金余缺的市场，其利率可反映资金面松紧。
保险,什么是犹豫期,犹豫期是投保人签收保单后的一段时间内可申请退保并取回已交保费的期限。
保险,什么是等待期,等待期是保险合同生效后的一段时间，被保险人在此期间发生保险事故通常不予赔付。
保险,什么是现金价值,现金价值是长期人身保险保单在退保时能够领取的金额，通常随缴费年限增加而增长。
保险,什么是免赔额,免赔额是保险事故发生后由被保险人自行承担、保险公司不予赔付的金额。
保险,什么是保险受益人,保险受益人是由投保人或被保险人指定，享有保险金请求权的人。
